<keymap version="1" name="kee kotlin" parent="$default">
  <action id="ActivateCommitToolWindow" />
  <action id="ActivateDatabaseConsoleToolWindow">
    <keyboard-shortcut first-keystroke="alt 8" />
  </action>
  <action id="ActivateTerminalToolWindow">
    <keyboard-shortcut first-keystroke="alt 0" />
  </action>
  <action id="Back">
    <keyboard-shortcut first-keystroke="ctrl alt left" />
  </action>
  <action id="CallHierarchy" />
  <action id="CloseAllEditorsButActive">
    <mouse-shortcut keystroke="button2" />
  </action>
  <action id="CloseContent">
    <keyboard-shortcut first-keystroke="ctrl w" />
  </action>
  <action id="CloseProject">
    <keyboard-shortcut first-keystroke="shift ctrl alt delete" />
  </action>
  <action id="CollapseBlock" />
  <action id="CollapseSelection" />
  <action id="CommentByBlockComment">
    <keyboard-shortcut first-keystroke="shift ctrl slash" />
    <keyboard-shortcut first-keystroke="shift ctrl period" />
  </action>
  <action id="CommentByLineComment">
    <keyboard-shortcut first-keystroke="ctrl slash" />
    <keyboard-shortcut first-keystroke="ctrl divide" />
    <keyboard-shortcut first-keystroke="ctrl period" />
  </action>
  <action id="CompareDirs" />
  <action id="CompareJars" />
  <action id="Console.TableResult.EditFilterCriteria" />
  <action id="Console.TableResult.NextPage" />
  <action id="CopyPaths" />
  <action id="DatabaseView.CopyDdlAction">
    <keyboard-shortcut first-keystroke="shift ctrl c" />
  </action>
  <action id="DatabaseView.GenerateDDLAction" />
  <action id="Diff.UpdatedFiles" />
  <action id="Editor Copy">
    <keyboard-shortcut first-keystroke="ctrl insert" />
  </action>
  <action id="EditorCopy">
    <keyboard-shortcut first-keystroke="ctrl c" />
  </action>
  <action id="EditorCreateRectangularSelectionOnMouseDrag">
    <mouse-shortcut keystroke="alt button1" />
  </action>
  <action id="EditorDecreaseFontSize">
    <mouse-shortcut keystroke="control button142" />
  </action>
  <action id="EditorDeleteLine">
    <keyboard-shortcut first-keystroke="ctrl d" />
  </action>
  <action id="EditorDuplicate">
    <keyboard-shortcut first-keystroke="ctrl alt down" />
  </action>
  <action id="EditorIncreaseFontSize">
    <mouse-shortcut keystroke="control button143" />
  </action>
  <action id="EditorLookupDown" />
  <action id="EditorLookupUp" />
  <action id="EditorPasteFromX11" />
  <action id="EditorPasteSimple" />
  <action id="EditorResetFontSize">
    <mouse-shortcut keystroke="control button2" />
  </action>
  <action id="EditorScrollDown" />
  <action id="EditorScrollUp" />
  <action id="EditorSelectWord" />
  <action id="EditorToggleCase" />
  <action id="EditorToggleShowLineNumbers">
    <keyboard-shortcut first-keystroke="shift ctrl alt 8" />
  </action>
  <action id="ExternalSystem.ProjectRefreshAction">
    <keyboard-shortcut first-keystroke="shift ctrl alt g" />
  </action>
  <action id="FindInPath">
    <keyboard-shortcut first-keystroke="shift ctrl alt space" />
  </action>
  <action id="FindNext">
    <keyboard-shortcut first-keystroke="ctrl l" />
  </action>
  <action id="FindPrevious" />
  <action id="Forward">
    <keyboard-shortcut first-keystroke="ctrl alt right" />
  </action>
  <action id="GenerateJavadoc">
    <keyboard-shortcut first-keystroke="shift ctrl alt j" />
  </action>
  <action id="Git.Branches">
    <keyboard-shortcut first-keystroke="shift ctrl back_quote" />
    <keyboard-shortcut first-keystroke="shift ctrl #1000451" />
  </action>
  <action id="Git.Stash">
    <keyboard-shortcut first-keystroke="shift ctrl s" />
  </action>
  <action id="Git.Unstash">
    <keyboard-shortcut first-keystroke="shift ctrl u" />
  </action>
  <action id="GotoDeclaration">
    <mouse-shortcut keystroke="control button1" />
    <keyboard-shortcut first-keystroke="f3" />
  </action>
  <action id="GotoNextError">
    <keyboard-shortcut first-keystroke="shift f3" />
  </action>
  <action id="GuiDesigner.EditComponent" />
  <action id="GuiDesigner.EditGroup" />
  <action id="GuiDesigner.ExpandSelection" />
  <action id="IDEtalk.Rename" />
  <action id="JProfiler.ShowInHotspots" />
  <action id="JProfiler.ShowInJProfilerBacktraces" />
  <action id="JProfiler.ShowInJProfilerOutgoing" />
  <action id="JProfiler.ShowInJProfilerThis" />
  <action id="Kotlin.NewFile">
    <keyboard-shortcut first-keystroke="ctrl alt 0" />
  </action>
  <action id="MethodDown" />
  <action id="MethodUp" />
  <action id="MoveLineDown">
    <keyboard-shortcut first-keystroke="ctrl down" />
  </action>
  <action id="MoveLineUp">
    <keyboard-shortcut first-keystroke="ctrl up" />
  </action>
  <action id="NewDir">
    <keyboard-shortcut first-keystroke="ctrl alt 8" />
  </action>
  <action id="NewElementInMenuGroup">
    <keyboard-shortcut first-keystroke="ctrl alt back_space" />
  </action>
  <action id="NewFile">
    <keyboard-shortcut first-keystroke="ctrl alt 9" />
  </action>
  <action id="NextOccurence" />
  <action id="PopupHector" />
  <action id="QuickDocCopy">
    <keyboard-shortcut first-keystroke="ctrl c" />
  </action>
  <action id="RearrangeCode">
    <keyboard-shortcut first-keystroke="shift ctrl alt r" />
  </action>
  <action id="Refactorings.QuickListPopupAction">
    <keyboard-shortcut first-keystroke="shift ctrl alt t" />
    <keyboard-shortcut first-keystroke="shift alt r" />
  </action>
  <action id="ReformatCode">
    <keyboard-shortcut first-keystroke="shift ctrl f" />
  </action>
  <action id="Refresh">
    <keyboard-shortcut first-keystroke="shift ctrl f5" />
  </action>
  <action id="RemoteHostView.CopyPaths" />
  <action id="RenameElement">
    <keyboard-shortcut first-keystroke="shift f6" />
    <keyboard-shortcut first-keystroke="f2" />
  </action>
  <action id="RevealIn">
    <keyboard-shortcut first-keystroke="shift ctrl alt e" />
  </action>
  <action id="ShelveChanges.UnshelveWithDialog" />
  <action id="ShowContent" />
  <action id="SplitHorizontally">
    <keyboard-shortcut first-keystroke="shift ctrl alt h" />
  </action>
  <action id="SplitVertically">
    <keyboard-shortcut first-keystroke="shift ctrl alt v" />
  </action>
  <action id="SurroundWith">
    <keyboard-shortcut first-keystroke="ctrl alt t" />
    <keyboard-shortcut first-keystroke="alt end" />
  </action>
  <action id="SwitchApply">
    <keyboard-shortcut first-keystroke="shift alt enter" />
  </action>
  <action id="SwitchDown">
    <keyboard-shortcut first-keystroke="shift alt down" />
  </action>
  <action id="SwitchLeft">
    <keyboard-shortcut first-keystroke="shift alt left" />
  </action>
  <action id="SwitchRight">
    <keyboard-shortcut first-keystroke="shift alt right" />
  </action>
  <action id="SwitchUp">
    <keyboard-shortcut first-keystroke="shift alt up" />
  </action>
  <action id="ToggleFullScreen">
    <keyboard-shortcut first-keystroke="shift ctrl alt f11" />
  </action>
  <action id="UML.PrintGraph">
    <keyboard-shortcut first-keystroke="ctrl p" />
  </action>
  <action id="Unscramble">
    <keyboard-shortcut first-keystroke="shift ctrl alt equals" />
  </action>
  <action id="Vcs.ShowTabbedFileHistory">
    <keyboard-shortcut first-keystroke="ctrl alt h" />
  </action>
  <action id="ViewToolBar">
    <keyboard-shortcut first-keystroke="shift ctrl alt 9" />
  </action>
  <action id="ViewToolButtons">
    <keyboard-shortcut first-keystroke="shift ctrl alt 0" />
  </action>
  <action id="XDebugger.CopyValue">
    <keyboard-shortcut first-keystroke="ctrl c" />
  </action>
</keymap>